DROP TABLE "ACCESSGROUP" PURGE;
DROP TABLE "ACCESSGROUPCOMMANDS" PURGE;
DROP TABLE "ACCESSUSERGROUP" PURGE;
DROP TABLE "COMMANDS" PURGE;
DROP TABLE "SHOPPER" PURGE;
DROP TABLE "SHADDR" PURGE;

DROP SEQUENCE "AG_SEQ";
DROP SEQUENCE "AGC_SEQ";
DROP SEQUENCE "AUG_SEQ";
drop sequence "COMMANDS_SEQ";

DROP TRIGGER "AG_NID";
DROP TRIGGER "AGC_NID";
DROP TRIGGER "AUG_NID";
drop trigger "COMMANDS_NID";

CREATE TABLE "ACCESSGROUPCOMMANDS" 
(	"AGC_ID" NUMBER NOT NULL ENABLE, 
	"AGC_AG_ID" NUMBER, 
	"AGC_CMD_ID" NUMBER, 
	"AGC_DESC" VARCHAR2(255), 
  CONSTRAINT "ACCESSGROUPCOMMANDS_PK" PRIMARY KEY ("AGC_ID")
  USING INDEX PCTFREE 10 INITRANS 2 MAXTRANS 255 COMPUTE STATISTICS 
  TABLESPACE "USERS"  ENABLE
  ) SEGMENT CREATION DEFERRED 
PCTFREE 10 PCTUSED 40 INITRANS 1 MAXTRANS 255 
NOCOMPRESS LOGGING
TABLESPACE "USERS" ;

CREATE TABLE "ACCESSUSERGROUP" 
(	"AUG_ID" NUMBER NOT NULL ENABLE, 
	"AUG_SHOPPER_ID" NUMBER, 
	"AUG_AG_ID" NUMBER, 
  CONSTRAINT "ACCESSUSERGROUP_PK" PRIMARY KEY ("AUG_ID")
  USING INDEX PCTFREE 10 INITRANS 2 MAXTRANS 255 COMPUTE STATISTICS 
  TABLESPACE "USERS"  ENABLE
  ) SEGMENT CREATION DEFERRED 
PCTFREE 10 PCTUSED 40 INITRANS 1 MAXTRANS 255 
NOCOMPRESS LOGGING
TABLESPACE "USERS" ;

CREATE TABLE "COMMANDS"
(	"CMD_ID" NUMBER NOT NULL ENABLE, 
	"CMD_NAME" VARCHAR2(45), 
	"CMD_URI" VARCHAR2(255), 
  CONSTRAINT "COMMANDS_PK" PRIMARY KEY ("CMD_ID")
  USING INDEX PCTFREE 10 INITRANS 2 MAXTRANS 255 COMPUTE STATISTICS 
  TABLESPACE "USERS"  ENABLE
  ) SEGMENT CREATION DEFERRED 
PCTFREE 10 PCTUSED 40 INITRANS 1 MAXTRANS 255 
NOCOMPRESS LOGGING
TABLESPACE "USERS" ;

CREATE TABLE "SHOPPER"
( "SHOPPER_ID" NUMBER NOT NULL ENABLE,
  "SH_USERNAME" VARCHAR2(64),
  "SH_EMAIL" VARCHAR2(64),
  CONSTRAINT "SHOPPER_PK" PRIMARY KEY ("SHOPPER_ID")
  USING INDEX PCTFREE 10 INITRANS 2 MAXTRANS 255 COMPUTE STATISTICS 
  TABLESPACE "USERS"  ENABLE)
  TABLESPACE "USERS";
  
CREATE TABLE "SHADDR"
( "SHADDR_ID" INTEGER NOT NULL,
  "SHOPPER_ID" INTEGER NOT NULL,
  "SH_FIRSTNAME" VARCHAR2(20) NOT NULL,
  "SH_FAMILYNAME" VARCHAR2(20) NOT NULL,
  constraint SHADDR_PK primary key (SHADDR_ID)
);
  
  
CREATE TABLE "ACCESSGROUP"
("AG_ID" NUMBER NOT NULL ENABLE,
 "AG_NAME" VARCHAR2(45),
 "AG_DESC" VARCHAR2(255),
 CONSTRAINT "ACCESSGROUP_PK" PRIMARY KEY ("AG_ID")
  USING INDEX PCTFREE 10 INITRANS 2 MAXTRANS 255 COMPUTE STATISTICS 
  TABLESPACE "USERS"  ENABLE)
  TABLESPACE "USERS";
  
  
--triggers

CREATE SEQUENCE AGC_SEQ;

CREATE OR REPLACE TRIGGER AGC_NID 
BEFORE INSERT ON ACCESSGROUPCOMMANDS 
FOR EACH ROW
BEGIN
  SELECT AGC_SEQ.NEXTVAL
  INTO   :new.AGC_ID
  FROM   dual;
END;
/

CREATE SEQUENCE AUG_SEQ;

CREATE OR REPLACE TRIGGER AUG_nid 
BEFORE INSERT ON ACCESSUSERGROUP 
FOR EACH ROW
BEGIN
  SELECT AGC_seq.NEXTVAL
  INTO   :new.AUG_ID
  FROM   dual;
END;
/

CREATE SEQUENCE COMMANDS_SEQ;

CREATE OR REPLACE TRIGGER COMMANDS_NID 
BEFORE INSERT ON COMMANDS 
FOR EACH ROW
BEGIN
  SELECT COMMANDS_SEQ.NEXTVAL
  INTO   :new.CMD_ID
  FROM   dual;
END;
/

CREATE SEQUENCE AG_SEQ;

CREATE OR REPLACE TRIGGER AG_NID 
BEFORE INSERT ON ACCESSGROUP 
FOR EACH ROW
BEGIN
  SELECT AG_SEQ.NEXTVAL
  INTO   :new.AG_ID
  FROM   dual;
END;
/  

--test data--

INSERT INTO ACCESSGROUP (AG_NAME, AG_DESC) VALUES ('Registered Shopper', 'All new shoppers are assigned to this access group automatically.');
INSERT INTO ACCESSGROUP (AG_NAME, AG_DESC) VALUES ('Super-Administrator', 'Super-administrator description');
INSERT INTO ACCESSGROUP (AG_NAME, AG_DESC) VALUES ('Administrator', 'Administrator description.');
INSERT INTO ACCESSGROUP (AG_NAME, AG_DESC) VALUES ('Manager', 'Manager description');

INSERT INTO COMMANDS (CMD_name) VALUES ('Browse shop');
INSERT INTO COMMANDS (CMD_NAME) VALUES ('Add shopper');
INSERT INTO COMMANDS (CMD_NAME) VALUES ('Remove shopper');
INSERT INTO COMMANDS (CMD_name) VALUES ('Add product');
INSERT INTO COMMANDS (CMD_name) VALUES ('Remove product');

--registered shopper
INSERT INTO ACCESSGROUPCOMMANDS (AGC_AG_ID, AGC_CMD_ID, AGC_DESC) VALUES (1, 0, 'Registered shopper: Browse shop');
--super admin
INSERT INTO ACCESSGROUPCOMMANDS (AGC_AG_ID, AGC_CMD_ID, AGC_DESC) VALUES (2, 0, 'Super-administrator: Browse shop');
INSERT INTO ACCESSGROUPCOMMANDS (AGC_AG_ID, AGC_CMD_ID, AGC_DESC) VALUES (2, 1, 'Super-administrator: Add shopper');
INSERT INTO ACCESSGROUPCOMMANDS (AGC_AG_ID, AGC_CMD_ID, AGC_DESC) VALUES (2, 2, 'Super-administrator: Remove shopper');
INSERT INTO ACCESSGROUPCOMMANDS (AGC_AG_ID, AGC_CMD_ID, AGC_DESC) VALUES (2, 3, 'Super-administrator: Add product');
INSERT INTO ACCESSGROUPCOMMANDS (AGC_AG_ID, AGC_CMD_ID, AGC_DESC) VALUES (2, 4, 'Super-administrator: Remove product');
--admin
INSERT INTO ACCESSGROUPCOMMANDS (AGC_AG_ID, AGC_CMD_ID, AGC_DESC) VALUES (3, 0, 'Administrator: Browse shop');
INSERT INTO ACCESSGROUPCOMMANDS (AGC_AG_ID, AGC_CMD_ID, AGC_DESC) VALUES (3, 1, 'Administrator: Add shopper');
INSERT INTO ACCESSGROUPCOMMANDS (AGC_AG_ID, AGC_CMD_ID, AGC_DESC) VALUES (3, 3, 'Administrator: Add product');
INSERT INTO ACCESSGROUPCOMMANDS (AGC_AG_ID, AGC_CMD_ID, AGC_DESC) VALUES (3, 4, 'Administrator: Remove product');
--manager
INSERT INTO ACCESSGROUPCOMMANDS (AGC_AG_ID, AGC_CMD_ID, AGC_DESC) VALUES (4, 0, 'Manager: Browse shop');
INSERT INTO ACCESSGROUPCOMMANDS (AGC_AG_ID, AGC_CMD_ID, AGC_DESC) VALUES (4, 3, 'Manager: Add product');
INSERT INTO ACCESSGROUPCOMMANDS (AGC_AG_ID, AGC_CMD_ID, AGC_DESC) VALUES (4, 4, 'Manager: Remove product');


INSERT INTO SHOPPER (SHOPPER_ID, SH_USERNAME, SH_EMAIL) VALUES (0001, 'Bob', 'bob@companyname.com');
INSERT INTO SHOPPER (SHOPPER_ID, SH_USERNAME, SH_EMAIL) VALUES (0002, 'Mary', 'mary@companyname.com');
INSERT INTO SHOPPER (SHOPPER_ID, SH_USERNAME, SH_EMAIL) VALUES (0003, 'Eva', 'eva@companyname.com');
INSERT INTO SHOPPER (SHOPPER_ID, SH_USERNAME, SH_EMAIL) VALUES (0004, 'Jill', 'jill@companyname.com');
INSERT INTO SHOPPER (SHOPPER_ID, SH_USERNAME, SH_EMAIL) VALUES (0005, 'Jack', 'jack@companyname.com');
INSERT INTO SHOPPER (SHOPPER_ID, SH_USERNAME, SH_EMAIL) VALUES (0006, 'Ian', 'ian@companyname.com'); 
INSERT INTO SHOPPER (SHOPPER_ID, SH_USERNAME, SH_EMAIL) VALUES (0007, 'Isaac', 'isaac@companyname.com');
INSERT INTO SHOPPER (SHOPPER_ID, SH_USERNAME, SH_EMAIL) VALUES (0008, 'Jim', 'jim@companyname.com');

--super administrator
INSERT INTO ACCESSUSERGROUP (AUG_SHOPPER_ID, AUG_AG_ID) VALUES (0008, 2);
--administrators
INSERT INTO ACCESSUSERGROUP (AUG_SHOPPER_ID, AUG_AG_ID) VALUES (0001, 3);
INSERT INTO ACCESSUSERGROUP (AUG_SHOPPER_ID, AUG_AG_ID) VALUES (0002, 3);

INSERT INTO ACCESSUSERGROUP (AUG_SHOPPER_ID, AUG_AG_ID) VALUES (0008, 3);
--managers
INSERT INTO ACCESSUSERGROUP (AUG_SHOPPER_ID, AUG_AG_ID) VALUES (0003, 4);
INSERT INTO ACCESSUSERGROUP (AUG_SHOPPER_ID, AUG_AG_ID) VALUES (0004, 4);
INSERT INTO ACCESSUSERGROUP (AUG_SHOPPER_ID, AUG_AG_ID) VALUES (0005, 4);
--registered shoppers
INSERT INTO ACCESSUSERGROUP (AUG_SHOPPER_ID, AUG_AG_ID) VALUES (0006, 1);
INSERT INTO ACCESSUSERGROUP (AUG_SHOPPER_ID, AUG_AG_ID) VALUES (0007, 1);

INSERT INTO SHADDR (SHADDR_ID, SHOPPER_ID, SH_FIRSTNAME, SH_FAMILYNAME) VALUES (0, 0008, 'Jim', 'Smith');
INSERT INTO SHADDR (SHADDR_ID, SHOPPER_ID, SH_FIRSTNAME, SH_FAMILYNAME) VALUES (1, 0001, 'Bob', 'Brown');
INSERT INTO SHADDR (SHADDR_ID, SHOPPER_ID, SH_FIRSTNAME, SH_FAMILYNAME) VALUES (2, 0002, 'Mary', 'Sue');
INSERT INTO SHADDR (SHADDR_ID, SHOPPER_ID, SH_FIRSTNAME, SH_FAMILYNAME) VALUES (3, 0003, 'Eva', 'Henderson');
INSERT INTO SHADDR (SHADDR_ID, SHOPPER_ID, SH_FIRSTNAME, SH_FAMILYNAME) VALUES (4, 0004, 'Jill', 'Martinez');
INSERT INTO SHADDR (SHADDR_ID, SHOPPER_ID, SH_FIRSTNAME, SH_FAMILYNAME) VALUES (5, 0005, 'Jack', 'Nelson');
INSERT INTO SHADDR (SHADDR_ID, SHOPPER_ID, SH_FIRSTNAME, SH_FAMILYNAME) VALUES (6, 0006, 'Ian', 'Howard');
INSERT INTO SHADDR (SHADDR_ID, SHOPPER_ID, SH_FIRSTNAME, SH_FAMILYNAME) VALUES (7, 0007, 'Isaac', 'Jenkins');


--F5
SELECT * FROM ACCESSGROUP;

--F6
SELECT AUG_Shopper_id, SH_USERNAME, SH_EMAIL, SH_FIRSTNAME, SH_familyNAME  FROM AccessUserGroup, Shopper, Shaddr WHERE AUG_AG_ID = 4 AND AUG_Shopper_id = shopper.shopper_id AND Shaddr.shopper_id = shopper.shopper_id;

--F7
select ag_id, ag_name, ag_desc from accessgroup, accessusergroup where aug_shopper_id = 0008 and accessusergroup.aug_ag_id = accessgroup.ag_id;

--F8
SELECT AGC_ID FROM ACCESSGROUPCOMMANDS, ACCESSGROUP, ACCESSUSERGROUP
WHERE AUG_SHOPPER_ID = 0003 AND AUG_AG_ID = AG_ID AND AG_ID = AGC_AG_ID AND AGC_CMD_ID = 4;

--F3
SELECT SH_USERNAME, AG_ID, AG_NAME, AG_DESC FROM ACCESSUSERGROUP, ACCESSGROUP, SHOPPER
WHERE AUG_SHOPPER_ID = SHOPPER_ID AND AUG_AG_ID = AG_ID
order by sh_username;

--F4
SELECT AG_name, sh_username FROM AccessUserGroup, AccessGroup, Shopper
WHERE AUG_SHOPPER_ID = SHOPPER_ID AND AUG_AG_ID = AG_ID
ORDER BY ag_name;

select sh_username, sh_email, sh_firstname, sh_familyname from shopper, shaddr where shopper.shopper_id = shaddr.shopper_id;

